"abstand","party","weight_s","voteshare_hat","weight_f","weight_umfrage","weight_forecast","weight_gesamt","date"
0,"afd",0.810000000000001,6.78091192245483,25.840097774351,0.969606115262377,0.0303938847376227,1,2017-09-24
0,"cdu_csu",10.824,36.7920455932617,27.1906980225042,0.715268026235738,0.284731973764262,1,2017-09-24
0,"fdp",2.574,6.66934633255005,13.7354163247314,0.842177062087941,0.157822937912059,1,2017-09-24
0,"gruene",0.795999999999999,10.3744049072266,3.44291501439547,0.812216098389149,0.187783901610851,1,2017-09-24
0,"linke_pds",4.598,8.55743789672852,7.36413116108637,0.61562033235703,0.38437966764297,1,2017-09-24
0,"spd",0.910000000000001,24.429838180542,27.2930441102895,0.967733979479612,0.0322660205203877,1,2017-09-24
1,"afd",0.810000000000001,6.78091192245483,25.840097774351,0.969606115262377,0.0303938847376227,1,2017-09-23
1,"cdu_csu",11.284,36.7920455932617,27.1906980225042,0.706716346587051,0.293283653412949,1,2017-09-23
1,"fdp",2.742,6.66934633255005,13.7354163247314,0.833590415756841,0.166409584243159,1,2017-09-23
1,"gruene",0.845999999999999,10.3744049072266,3.44291501439547,0.802747315542403,0.197252684457597,1,2017-09-23
1,"linke_pds",4.488,8.55743789672852,7.36413116108637,0.621333923916125,0.378666076083875,1,2017-09-23
1,"spd",0.954,24.429838180542,27.2930441102895,0.966226554669751,0.0337734453302492,1,2017-09-23
2,"afd",0.810000000000001,6.78091192245483,25.840097774351,0.969606115262377,0.0303938847376227,1,2017-09-22
2,"cdu_csu",11.436,36.7920455932617,27.1906980225042,0.703935345616721,0.29606465438328,1,2017-09-22
2,"fdp",2.78,6.66934633255005,13.7354163247314,0.831672423792489,0.168327576207511,1,2017-09-22
2,"gruene",0.862,10.3744049072266,3.44291501439547,0.799763759071316,0.200236240928684,1,2017-09-22
2,"linke_pds",4.474,8.55743789672852,7.36413116108637,0.622068725281008,0.377931274718992,1,2017-09-22
2,"spd",0.792000000000003,24.429838180542,27.2930441102895,0.97179993747242,0.0282000625275799,1,2017-09-22
3,"afd",0.810000000000001,6.78091192245483,25.840097774351,0.969606115262377,0.0303938847376227,1,2017-09-21
3,"cdu_csu",11.102,36.7920455932617,27.1906980225042,0.71007527352929,0.28992472647071,1,2017-09-21
3,"fdp",2.666,6.66934633255005,13.7354163247314,0.837453062149274,0.162546937850726,1,2017-09-21
3,"gruene",0.91,10.3744049072266,3.44291501439547,0.790944689480371,0.209055310519629,1,2017-09-21
3,"linke_pds",4.948,8.55743789672852,7.36413116108637,0.598119940791517,0.401880059208483,1,2017-09-21
3,"spd",0.792000000000002,24.429838180542,27.2930441102895,0.97179993747242,0.0282000625275799,1,2017-09-21
4,"afd",1.44,6.78091192245483,25.840097774351,0.947214265435885,0.0527857345641151,1,2017-09-20
4,"cdu_csu",11.326,36.7920455932617,27.1906980225042,0.705945717533145,0.294054282466855,1,2017-09-20
4,"fdp",2.82,6.66934633255005,13.7354163247314,0.829662997010391,0.170337002989609,1,2017-09-20
4,"gruene",1.098,10.3744049072266,3.44291501439547,0.75819851362134,0.24180148637866,1,2017-09-20
4,"linke_pds",4.978,8.55743789672852,7.36413116108637,0.596666091534079,0.403333908465921,1,2017-09-20
4,"spd",0.698000000000002,24.429838180542,27.2930441102895,0.975063452536827,0.024936547463173,1,2017-09-20
5,"afd",1.96,6.78091192245483,25.840097774351,0.929496650842418,0.0705033491575824,1,2017-09-19
5,"cdu_csu",11.266,36.7920455932617,27.1906980225042,0.707047131466999,0.292952868533001,1,2017-09-19
5,"fdp",2.786,6.66934633255005,13.7354163247314,0.831370389484735,0.168629610515265,1,2017-09-19
5,"gruene",1.212,10.3744049072266,3.44291501439547,0.739630047755577,0.260369952244423,1,2017-09-19
5,"linke_pds",4.796,8.55743789672852,7.36413116108637,0.605596359408715,0.394403640591285,1,2017-09-19
5,"spd",0.724,24.429838180542,27.2930441102895,0.974158587281729,0.0258414127182712,1,2017-09-19
6,"afd",1.69,6.78091192245483,25.840097774351,0.938612640832154,0.0613873591678458,1,2017-09-18
6,"cdu_csu",11.23,36.7920455932617,27.1906980225042,0.70770963105818,0.29229036894182,1,2017-09-18
6,"fdp",2.73,6.66934633255005,13.7354163247314,0.834197936683843,0.165802063316157,1,2017-09-18
6,"gruene",1.242,10.3744049072266,3.44291501439547,0.7348938035837,0.2651061964163,1,2017-09-18
6,"linke_pds",4.886,8.55743789672852,7.36413116108637,0.601147127671513,0.398852872328487,1,2017-09-18
6,"spd",0.684000000000002,24.429838180542,27.2930441102895,0.975551384295511,0.0244486157044889,1,2017-09-18
7,"afd",1.69,6.78091192245483,25.840097774351,0.938612640832154,0.0613873591678458,1,2017-09-17
7,"cdu_csu",10.996,36.7920455932617,27.1906980225042,0.712046325830009,0.287953674169991,1,2017-09-17
7,"fdp",2.74,6.66934633255005,13.7354163247314,0.833691607787358,0.166308392212642,1,2017-09-17
7,"gruene",1.402,10.3744049072266,3.44291501439547,0.710624439059447,0.289375560940553,1,2017-09-17
7,"linke_pds",4.652,8.55743789672852,7.36413116108637,0.612853759863635,0.387146240136365,1,2017-09-17
7,"spd",0.590000000000002,24.429838180542,27.2930441102895,0.978840186972904,0.0211598130270962,1,2017-09-17
8,"afd",1.96,6.78091192245483,25.840097774351,0.929496650842418,0.0705033491575824,1,2017-09-16
8,"cdu_csu",10.776,36.7920455932617,27.1906980225042,0.716172315179669,0.283827684820331,1,2017-09-16
8,"fdp",2.754,6.66934633255005,13.7354163247314,0.83298377906382,0.167016220936181,1,2017-09-16
8,"gruene",1.456,10.3744049072266,3.44291501439547,0.702791333239801,0.297208666760199,1,2017-09-16
8,"linke_pds",4.652,8.55743789672852,7.36413116108637,0.612853759863635,0.387146240136365,1,2017-09-16
8,"spd",0.660000000000001,24.429838180542,27.2930441102895,0.976388975834047,0.0236110241659532,1,2017-09-16
9,"afd",1.96,6.78091192245483,25.840097774351,0.929496650842418,0.0705033491575824,1,2017-09-15
9,"cdu_csu",11.29,36.7920455932617,27.1906980225042,0.706606153729399,0.293393846270601,1,2017-09-15
9,"fdp",2.746,6.66934633255005,13.7354163247314,0.833388105372992,0.166611894627008,1,2017-09-15
9,"gruene",1.402,10.3744049072266,3.44291501439547,0.710624439059447,0.289375560940553,1,2017-09-15
9,"linke_pds",4.352,8.55743789672852,7.36413116108637,0.628546322999984,0.371453677000016,1,2017-09-15
9,"spd",0.783999999999999,24.429838180542,27.2930441102895,0.972076832699327,0.0279231673006734,1,2017-09-15
10,"afd",2.25,6.78091192245483,25.840097774351,0.919900599204946,0.0800994007950541,1,2017-09-14
10,"cdu_csu",11.642,36.7920455932617,27.1906980225042,0.700201103893083,0.299798896106917,1,2017-09-14
10,"fdp",2.5,6.66934633255005,13.7354163247314,0.846015651831992,0.153984348168008,1,2017-09-14
10,"gruene",1.456,10.3744049072266,3.44291501439547,0.702791333239801,0.297208666760199,1,2017-09-14
10,"linke_pds",3.962,8.55743789672852,7.36413116108637,0.650189465082976,0.349810534917024,1,2017-09-14
10,"spd",1.23,24.429838180542,27.2930441102895,0.956876973045234,0.0431230269547663,1,2017-09-14
11,"afd",2.25,6.78091192245483,25.840097774351,0.919900599204946,0.0800994007950541,1,2017-09-13
11,"cdu_csu",11.83,36.7920455932617,27.1906980225042,0.696827565893943,0.303172434106057,1,2017-09-13
11,"fdp",2.508,6.66934633255005,13.7354163247314,0.845598983005721,0.154401016994279,1,2017-09-13
11,"gruene",1.646,10.3744049072266,3.44291501439547,0.676551878869305,0.323448121130695,1,2017-09-13
11,"linke_pds",4.296,8.55743789672852,7.36413116108637,0.631565036391946,0.368434963608054,1,2017-09-13
11,"spd",1.63,24.429838180542,27.2930441102895,0.943643553085751,0.0563564469142487,1,2017-09-13
12,"afd",2.56,6.78091192245483,25.840097774351,0.9098594652617,0.0901405347382998,1,2017-09-12
12,"cdu_csu",12.524,36.7920455932617,27.1906980225042,0.684650755926601,0.315349244073399,1,2017-09-12
12,"fdp",2.508,6.66934633255005,13.7354163247314,0.845598983005721,0.154401016994279,1,2017-09-12
12,"gruene",1.718,10.3744049072266,3.44291501439547,0.667113293823297,0.332886706176703,1,2017-09-12
12,"linke_pds",3.944,8.55743789672852,7.36413116108637,0.651224420391221,0.348775579608779,1,2017-09-12
12,"spd",1.972,24.429838180542,27.2930441102895,0.932615854171679,0.0673841458283214,1,2017-09-12
13,"afd",2.56,6.78091192245483,25.840097774351,0.9098594652617,0.0901405347382998,1,2017-09-11
13,"cdu_csu",12.382,36.7920455932617,27.1906980225042,0.68710751051246,0.31289248948754,1,2017-09-11
13,"fdp",2.398,6.66934633255005,13.7354163247314,0.851364400959266,0.148635599040734,1,2017-09-11
13,"gruene",1.898,10.3744049072266,3.44291501439547,0.644630181366997,0.355369818633003,1,2017-09-11
13,"linke_pds",3.962,8.55743789672852,7.36413116108637,0.650189465082976,0.349810534917024,1,2017-09-11
13,"spd",2.424,24.429838180542,27.2930441102895,0.9184306490577,0.0815693509422997,1,2017-09-11
14,"afd",2.56,6.78091192245483,25.840097774351,0.9098594652617,0.0901405347382998,1,2017-09-10
14,"cdu_csu",12.292,36.7920455932617,27.1906980225042,0.688673757983969,0.311326242016031,1,2017-09-10
14,"fdp",2.502,6.66934633255005,13.7354163247314,0.845911446133879,0.154088553866121,1,2017-09-10
14,"gruene",2.106,10.3744049072266,3.44291501439547,0.620466344404909,0.379533655595091,1,2017-09-10
14,"linke_pds",3.432,8.55743789672852,7.36413116108637,0.682108345221822,0.317891654778178,1,2017-09-10
14,"spd",2.944,24.429838180542,27.2930441102895,0.902635985539401,0.0973640144605993,1,2017-09-10
15,"afd",2.56,6.78091192245483,25.840097774351,0.9098594652617,0.0901405347382998,1,2017-09-09
15,"cdu_csu",12.392,36.7920455932617,27.1906980225042,0.686933922671095,0.313066077328905,1,2017-09-09
15,"fdp",2.382,6.66934633255005,13.7354163247314,0.852209563120552,0.147790436879448,1,2017-09-09
15,"gruene",2.088,10.3744049072266,3.44291501439547,0.622485611410499,0.377514388589501,1,2017-09-09
15,"linke_pds",3.462,8.55743789672852,7.36413116108637,0.680218173187863,0.319781826812137,1,2017-09-09
15,"spd",2.89400000000001,24.429838180542,27.2930441102895,0.904131057369292,0.0958689426307084,1,2017-09-09
16,"afd",2.56,6.78091192245483,25.840097774351,0.9098594652617,0.0901405347382998,1,2017-09-08
16,"cdu_csu",12.946,36.7920455932617,27.1906980225042,0.677452290850101,0.322547709149899,1,2017-09-08
16,"fdp",2.262,6.66934633255005,13.7354163247314,0.85860216711976,0.14139783288024,1,2017-09-08
16,"gruene",2.3,10.3744049072266,3.44291501439547,0.599506523388435,0.400493476611565,1,2017-09-08
16,"linke_pds",4.0625,8.55743789672852,7.36413116108637,0.644470890612543,0.355529109387457,1,2017-09-08
16,"spd",3.25400000000001,24.429838180542,27.2930441102895,0.893475781543658,0.106524218456342,1,2017-09-08
17,"afd",2.56,6.78091192245483,25.840097774351,0.9098594652617,0.0901405347382998,1,2017-09-07
17,"cdu_csu",13.102,36.7920455932617,27.1906980225042,0.674829419646153,0.325170580353847,1,2017-09-07
17,"fdp",2.042,6.66934633255005,13.7354163247314,0.870574499780479,0.129425500219521,1,2017-09-07
17,"gruene",2.422,10.3744049072266,3.44291501439547,0.587035789256079,0.412964210743921,1,2017-09-07
17,"linke_pds",3.995,8.55743789672852,7.36413116108637,0.648300566007557,0.351699433992443,1,2017-09-07
17,"spd",4.13800000000001,24.429838180542,27.2930441102895,0.868346721620827,0.131653278379173,1,2017-09-07
18,"afd",2.56,6.78091192245483,25.840097774351,0.9098594652617,0.0901405347382998,1,2017-09-06
18,"cdu_csu",12.87,36.7920455932617,27.1906980225042,0.678737499961427,0.321262500038573,1,2017-09-06
18,"fdp",2.052,6.66934633255005,13.7354163247314,0.870023064078858,0.129976935921142,1,2017-09-06
18,"gruene",2.698,10.3744049072266,3.44291501439547,0.560651793148843,0.439348206851157,1,2017-09-06
18,"linke_pds",4.7625,8.55743789672852,7.36413116108637,0.607269328411457,0.392730671588543,1,2017-09-06
18,"spd",4.81800000000001,24.429838180542,27.2930441102895,0.849958164441743,0.150041835558257,1,2017-09-06
19,"afd",2.56,6.78091192245483,25.840097774351,0.9098594652617,0.0901405347382998,1,2017-09-05
19,"cdu_csu",13.08,36.7920455932617,27.1906980225042,0.675198080929946,0.324801919070054,1,2017-09-05
19,"fdp",1.982,6.66934633255005,13.7354163247314,0.873897849426988,0.126102150573012,1,2017-09-05
19,"gruene",3.31,10.3744049072266,3.44291501439547,0.509841306614413,0.490158693385587,1,2017-09-05
19,"linke_pds",5.1,8.55743789672852,7.36413116108637,0.590825871929008,0.409174128070992,1,2017-09-05
19,"spd",5.12200000000001,24.429838180542,27.2930441102895,0.841986949560432,0.158013050439568,1,2017-09-05
20,"afd",2.89,6.78091192245483,25.840097774351,0.899408626357685,0.100591373642315,1,2017-09-04
20,"cdu_csu",13.358,36.7920455932617,27.1906980225042,0.670568954086111,0.329431045913889,1,2017-09-04
20,"fdp",1.968,6.66934633255005,13.7354163247314,0.874676951861705,0.125323048138295,1,2017-09-04
20,"gruene",3.648,10.3744049072266,3.44291501439547,0.485538891300476,0.514461108699524,1,2017-09-04
20,"linke_pds",5.2975,8.55743789672852,7.36413116108637,0.581609989060409,0.418390010939591,1,2017-09-04
20,"spd",5.546,24.429838180542,27.2930441102895,0.831115668855225,0.168884331144775,1,2017-09-04
21,"afd",3.61,6.78091192245483,25.840097774351,0.877419761806562,0.122580238193438,1,2017-09-03
21,"cdu_csu",13.476,36.7920455932617,27.1906980225042,0.668623206326153,0.331376793673847,1,2017-09-03
21,"fdp",2.052,6.66934633255005,13.7354163247314,0.870023064078858,0.129976935921142,1,2017-09-03
21,"gruene",3.734,10.3744049072266,3.44291501439547,0.479720744566386,0.520279255433614,1,2017-09-03
21,"linke_pds",5.3875,8.55743789672852,7.36413116108637,0.577505031949104,0.422494968050896,1,2017-09-03
21,"spd",5.562,24.429838180542,27.2930441102895,0.830710925807033,0.169289074192967,1,2017-09-03
22,"afd",3.61,6.78091192245483,25.840097774351,0.877419761806562,0.122580238193438,1,2017-09-02
22,"cdu_csu",13.558,36.7920455932617,27.1906980225042,0.667277712958771,0.332722287041229,1,2017-09-02
22,"fdp",2.052,6.66934633255005,13.7354163247314,0.870023064078858,0.129976935921142,1,2017-09-02
22,"gruene",3.734,10.3744049072266,3.44291501439547,0.479720744566386,0.520279255433614,1,2017-09-02
22,"linke_pds",5.3875,8.55743789672852,7.36413116108637,0.577505031949104,0.422494968050896,1,2017-09-02
22,"spd",5.64000000000001,24.429838180542,27.2930441102895,0.828743435283049,0.171256564716951,1,2017-09-02
23,"afd",3.61,6.78091192245483,25.840097774351,0.877419761806562,0.122580238193438,1,2017-09-01
23,"cdu_csu",14.032,36.7920455932617,27.1906980225042,0.659605007116718,0.340394992883282,1,2017-09-01
23,"fdp",1.966,6.66934633255005,13.7354163247314,0.874788365626396,0.125211634373604,1,2017-09-01
23,"gruene",3.734,10.3744049072266,3.44291501439547,0.479720744566386,0.520279255433614,1,2017-09-01
23,"linke_pds",5.035,8.55743789672852,7.36413116108637,0.593923160051575,0.406076839948425,1,2017-09-01
23,"spd",5.95600000000001,24.429838180542,27.2930441102895,0.820867030635722,0.179132969364278,1,2017-09-01
24,"afd",3.61,6.78091192245483,25.840097774351,0.877419761806562,0.122580238193438,1,2017-08-31
24,"cdu_csu",13.286,36.7920455932617,27.1906980225042,0.671761762962649,0.328238237037351,1,2017-08-31
24,"fdp",2.22,6.66934633255005,13.7354163247314,0.860862295610618,0.139137704389382,1,2017-08-31
24,"gruene",3.958,10.3744049072266,3.44291501439547,0.465201263316587,0.534798736683412,1,2017-08-31
24,"linke_pds",5.4575,8.55743789672852,7.36413116108637,0.574352129504123,0.425647870495877,1,2017-08-31
24,"spd",6.62000000000001,24.429838180542,27.2930441102895,0.804794875432859,0.195205124567141,1,2017-08-31
25,"afd",4,6.78091192245483,25.840097774351,0.865952181851154,0.134047818148846,1,2017-08-30
25,"cdu_csu",12.826,36.7920455932617,27.1906980225042,0.679483799668152,0.320516200331848,1,2017-08-30
25,"fdp",2.604,6.66934633255005,13.7354163247314,0.840630782137635,0.159369217862365,1,2017-08-30
25,"gruene",4.052,10.3744049072266,3.44291501439547,0.459366785051288,0.540633214948712,1,2017-08-30
25,"linke_pds",5.985,8.55743789672852,7.36413116108637,0.551656214342497,0.448343785657503,1,2017-08-30
25,"spd",7.432,24.429838180542,27.2930441102895,0.785975793827781,0.214024206172219,1,2017-08-30
26,"afd",4.84,6.78091192245483,25.840097774351,0.842243006016549,0.157756993983452,1,2017-08-29
26,"cdu_csu",13.684,36.7920455932617,27.1906980225042,0.665220768298617,0.334779231701383,1,2017-08-29
26,"fdp",2.468,6.66934633255005,13.7354163247314,0.847686441517085,0.152313558482915,1,2017-08-29
26,"gruene",4.622,10.3744049072266,3.44291501439547,0.426900346531866,0.573099653468134,1,2017-08-29
26,"linke_pds",6.39,8.55743789672852,7.36413116108637,0.535412311751193,0.464587688248807,1,2017-08-29
26,"spd",7.70400000000001,24.429838180542,27.2930441102895,0.779867123185556,0.220132876814444,1,2017-08-29
27,"afd",4.41,6.78091192245483,25.840097774351,0.854215347239663,0.145784652760337,1,2017-08-28
27,"cdu_csu",13.684,36.7920455932617,27.1906980225042,0.665220768298617,0.334779231701383,1,2017-08-28
27,"fdp",2.62,6.66934633255005,13.7354163247314,0.839808418937142,0.160191581062858,1,2017-08-28
27,"gruene",4.7,10.3744049072266,3.44291501439547,0.422811119643139,0.577188880356861,1,2017-08-28
27,"linke_pds",6.564,8.55743789672852,7.36413116108637,0.528723564986301,0.471276435013699,1,2017-08-28
27,"spd",7.92600000000001,24.429838180542,27.2930441102895,0.774951302619699,0.225048697380301,1,2017-08-28
28,"afd",5.29,6.78091192245483,25.840097774351,0.83006799277198,0.16993200722802,1,2017-08-27
28,"cdu_csu",13.994,36.7920455932617,27.1906980225042,0.660213606705253,0.339786393294747,1,2017-08-27
28,"fdp",2.664,6.66934633255005,13.7354163247314,0.837555194206363,0.162444805793637,1,2017-08-27
28,"gruene",4.758,10.3744049072266,3.44291501439547,0.41982083808355,0.58017916191645,1,2017-08-27
28,"linke_pds",6.78,8.55743789672852,7.36413116108637,0.52064924152759,0.47935075847241,1,2017-08-27
28,"spd",8.34600000000001,24.429838180542,27.2930441102895,0.765818634917024,0.234181365082977,1,2017-08-27
29,"afd",5.29,6.78091192245483,25.840097774351,0.83006799277198,0.16993200722802,1,2017-08-26
29,"cdu_csu",13.904,36.7920455932617,27.1906980225042,0.661659516456699,0.338340483543301,1,2017-08-26
29,"fdp",2.392,6.66934633255005,13.7354163247314,0.851681140249857,0.148318859750143,1,2017-08-26
29,"gruene",4.976,10.3744049072266,3.44291501439547,0.408949966653476,0.591050033346524,1,2017-08-26
29,"linke_pds",6.802,8.55743789672852,7.36413116108637,0.519840673317727,0.480159326682273,1,2017-08-26
29,"spd",8.106,24.429838180542,27.2930441102895,0.771010765862917,0.228989234137083,1,2017-08-26
30,"afd",5.29,6.78091192245483,25.840097774351,0.83006799277198,0.16993200722802,1,2017-08-25
30,"cdu_csu",13.824,36.7920455932617,27.1906980225042,0.662950096757632,0.337049903242368,1,2017-08-25
30,"fdp",2.524,6.66934633255005,13.7354163247314,0.844766875416009,0.155233124583991,1,2017-08-25
30,"gruene",4.976,10.3744049072266,3.44291501439547,0.408949966653476,0.591050033346524,1,2017-08-25
30,"linke_pds",6.806,8.55743789672852,7.36413116108637,0.519693930660963,0.480306069339037,1,2017-08-25
30,"spd",8.224,24.429838180542,27.2930441102895,0.76844919936292,0.23155080063708,1,2017-08-25
31,"afd",5.29,6.78091192245483,25.840097774351,0.83006799277198,0.16993200722802,1,2017-08-24
31,"cdu_csu",13.02,36.7920455932617,27.1906980225042,0.676205571146433,0.323794428853567,1,2017-08-24
31,"fdp",2.594,6.66934633255005,13.7354163247314,0.841145577501671,0.158854422498329,1,2017-08-24
31,"gruene",5.05,10.3744049072266,3.44291501439547,0.405386726295947,0.594613273704053,1,2017-08-24
31,"linke_pds",7.218,8.55743789672852,7.36413116108637,0.505010624286399,0.494989375713601,1,2017-08-24
31,"spd",8.966,24.429838180542,27.2930441102895,0.752723762581053,0.247276237418947,1,2017-08-24
32,"afd",5.29,6.78091192245483,25.840097774351,0.83006799277198,0.16993200722802,1,2017-08-23
32,"cdu_csu",12.666,36.7920455932617,27.1906980225042,0.68221150701324,0.31778849298676,1,2017-08-23
32,"fdp",2.892,6.66934633255005,13.7354163247314,0.826070392205283,0.173929607794717,1,2017-08-23
32,"gruene",5.11,10.3744049072266,3.44291501439547,0.402542876738595,0.597457123261405,1,2017-08-23
32,"linke_pds",8.364,8.55743789672852,7.36413116108637,0.468213997306068,0.531786002693932,1,2017-08-23
32,"spd",9.626,24.429838180542,27.2930441102895,0.739267355589058,0.260732644410942,1,2017-08-23
33,"afd",6.25,6.78091192245483,25.840097774351,0.805235869209613,0.194764130790387,1,2017-08-22
33,"cdu_csu",13.764,36.7920455932617,27.1906980225042,0.663921340783985,0.336078659216015,1,2017-08-22
33,"fdp",2.782,6.66934633255005,13.7354163247314,0.831571721308827,0.168428278691174,1,2017-08-22
33,"gruene",5.14,10.3744049072266,3.44291501439547,0.40113586218912,0.59886413781088,1,2017-08-22
33,"linke_pds",8.23,8.55743789672852,7.36413116108637,0.472237349103671,0.527762650896329,1,2017-08-22
33,"spd",9.75400000000001,24.429838180542,27.2930441102895,0.736713137734761,0.263286862265239,1,2017-08-22
34,"afd",6.25,6.78091192245483,25.840097774351,0.805235869209613,0.194764130790387,1,2017-08-21
34,"cdu_csu",13.448,36.7920455932617,27.1906980225042,0.669083886679809,0.330916113320191,1,2017-08-21
34,"fdp",2.702,6.66934633255005,13.7354163247314,0.835618935079558,0.164381064920442,1,2017-08-21
34,"gruene",5.364,10.3744049072266,3.44291501439547,0.390933148414377,0.609066851585623,1,2017-08-21
34,"linke_pds",8.332,8.55743789672852,7.36413116108637,0.469168554053844,0.530831445946156,1,2017-08-21
34,"spd",10.102,24.429838180542,27.2930441102895,0.729857251399247,0.270142748600753,1,2017-08-21
35,"afd",5.29,6.78091192245483,25.840097774351,0.83006799277198,0.16993200722802,1,2017-08-20
35,"cdu_csu",13.646,36.7920455932617,27.1906980225042,0.66583977988426,0.33416022011574,1,2017-08-20
35,"fdp",2.65,6.66934633255005,13.7354163247314,0.838270816713994,0.161729183286006,1,2017-08-20
35,"gruene",5.182,10.3744049072266,3.44291501439547,0.399182485699749,0.600817514300251,1,2017-08-20
35,"linke_pds",8.438,8.55743789672852,7.36413116108637,0.466021392052545,0.533978607947455,1,2017-08-20
35,"spd",10.284,24.429838180542,27.2930441102895,0.726322273518475,0.273677726481525,1,2017-08-20
36,"afd",5.29,6.78091192245483,25.840097774351,0.83006799277198,0.16993200722802,1,2017-08-19
36,"cdu_csu",13.758,36.7920455932617,27.1906980225042,0.664018621729096,0.335981378270904,1,2017-08-19
36,"fdp",2.484,6.66934633255005,13.7354163247314,0.84685022258092,0.15314977741908,1,2017-08-19
36,"gruene",5.184,10.3744049072266,3.44291501439547,0.39908994219259,0.60091005780741,1,2017-08-19
36,"linke_pds",8.438,8.55743789672852,7.36413116108637,0.466021392052545,0.533978607947455,1,2017-08-19
36,"spd",10.054,24.429838180542,27.2930441102895,0.730795294794695,0.269204705205305,1,2017-08-19
37,"afd",5.29,6.78091192245483,25.840097774351,0.83006799277198,0.16993200722802,1,2017-08-18
37,"cdu_csu",13.868,36.7920455932617,27.1906980225042,0.66223965522728,0.33776034477272,1,2017-08-18
37,"fdp",2.59,6.66934633255005,13.7354163247314,0.841351672234147,0.158648327765853,1,2017-08-18
37,"gruene",5.552,10.3744049072266,3.44291501439547,0.382762372839035,0.617237627160965,1,2017-08-18
37,"linke_pds",8.212,8.55743789672852,7.36413116108637,0.472783073340065,0.527216926659935,1,2017-08-18
37,"spd",10.028,24.429838180542,27.2930441102895,0.731304409105873,0.268695590894127,1,2017-08-18
38,"afd",5.29,6.78091192245483,25.840097774351,0.83006799277198,0.16993200722802,1,2017-08-17
38,"cdu_csu",13.364,36.7920455932617,27.1906980225042,0.670469744526659,0.329530255473341,1,2017-08-17
38,"fdp",2.844,6.66934633255005,13.7354163247314,0.828461995024661,0.17153800497534,1,2017-08-17
38,"gruene",5.76,10.3744049072266,3.44291501439547,0.374111355913856,0.625888644086144,1,2017-08-17
38,"linke_pds",7.472,8.55743789672852,7.36413116108637,0.496364657411612,0.503635342588388,1,2017-08-17
38,"spd",11.158,24.429838180542,27.2930441102895,0.709812821519348,0.290187178480652,1,2017-08-17
39,"afd",6.25,6.78091192245483,25.840097774351,0.805235869209613,0.194764130790387,1,2017-08-16
39,"cdu_csu",12.996,36.7920455932617,27.1906980225042,0.676609409593136,0.323390590406864,1,2017-08-16
39,"fdp",2.856,6.66934633255005,13.7354163247314,0.827862796996854,0.172137203003146,1,2017-08-16
39,"gruene",5.816,10.3744049072266,3.44291501439547,0.371848646309264,0.628151353690736,1,2017-08-16
39,"linke_pds",6.774,8.55743789672852,7.36413116108637,0.520870196858501,0.479129803141499,1,2017-08-16
39,"spd",11.468,24.429838180542,27.2930441102895,0.704135936912089,0.295864063087912,1,2017-08-16
40,"afd",4.84,6.78091192245483,25.840097774351,0.842243006016549,0.157756993983452,1,2017-08-15
40,"cdu_csu",13.672,36.7920455932617,27.1906980225042,0.66541612126369,0.33458387873631,1,2017-08-15
40,"fdp",2.496,6.66934633255005,13.7354163247314,0.846224140268221,0.153775859731779,1,2017-08-15
40,"gruene",6.55,10.3744049072266,3.44291501439547,0.344535604419303,0.655464395580697,1,2017-08-15
40,"linke_pds",6.516,8.55743789672852,7.36413116108637,0.530551986549816,0.469448013450184,1,2017-08-15
40,"spd",11.796,24.429838180542,27.2930441102895,0.698227463257539,0.301772536742461,1,2017-08-15
41,"afd",4.84,6.78091192245483,25.840097774351,0.842243006016549,0.157756993983452,1,2017-08-14
41,"cdu_csu",12.822,36.7920455932617,27.1906980225042,0.679551726484713,0.320448273515287,1,2017-08-14
41,"fdp",2.374,6.66934633255005,13.7354163247314,0.852632773767514,0.147367226232486,1,2017-08-14
41,"gruene",6.75,10.3744049072266,3.44291501439547,0.337775308587685,0.662224691412315,1,2017-08-14
41,"linke_pds",6.888,8.55743789672852,7.36413116108637,0.516703858381068,0.483296141618932,1,2017-08-14
41,"spd",11.852,24.429838180542,27.2930441102895,0.697228595103699,0.302771404896301,1,2017-08-14
42,"afd",5.76,6.78091192245483,25.840097774351,0.817722082978008,0.182277917021992,1,2017-08-13
42,"cdu_csu",12.734,36.7920455932617,27.1906980225042,0.681049560028675,0.318950439971325,1,2017-08-13
42,"fdp",2.298,6.66934633255005,13.7354163247314,0.856674338552829,0.143325661447171,1,2017-08-13
42,"gruene",6.938,10.3744049072266,3.44291501439547,0.331658144741682,0.668341855258318,1,2017-08-13
42,"linke_pds",7.735,8.55743789672852,7.36413116108637,0.487718868226358,0.512281131773642,1,2017-08-13
42,"spd",12.108,24.429838180542,27.2930441102895,0.692698498899981,0.307301501100019,1,2017-08-13
43,"afd",5.76,6.78091192245483,25.840097774351,0.817722082978008,0.182277917021992,1,2017-08-12
43,"cdu_csu",12.836,36.7920455932617,27.1906980225042,0.679314042023071,0.320685957976929,1,2017-08-12
43,"fdp",2.308,6.66934633255005,13.7354163247314,0.856140366036494,0.143859633963506,1,2017-08-12
43,"gruene",7.02,10.3744049072266,3.44291501439547,0.329058872184139,0.670941127815861,1,2017-08-12
43,"linke_pds",7.7675,8.55743789672852,7.36413116108637,0.486671336532741,0.513328663467259,1,2017-08-12
43,"spd",12.368,24.429838180542,27.2930441102895,0.688157478517029,0.311842521482971,1,2017-08-12
44,"afd",5.76,6.78091192245483,25.840097774351,0.817722082978008,0.182277917021992,1,2017-08-11
44,"cdu_csu",13.784,36.7920455932617,27.1906980225042,0.663597276728445,0.336402723271555,1,2017-08-11
44,"fdp",2.414,6.66934633255005,13.7354163247314,0.850520913483222,0.149479086516778,1,2017-08-11
44,"gruene",6.73,10.3744049072266,3.44291501439547,0.338439376474047,0.661560623525953,1,2017-08-11
44,"linke_pds",7.6975,8.55743789672852,7.36413116108637,0.488933176116577,0.511066823883423,1,2017-08-11
44,"spd",12.958,24.429838180542,27.2930441102895,0.678070462855707,0.321929537144293,1,2017-08-11
45,"afd",5.76,6.78091192245483,25.840097774351,0.817722082978008,0.182277917021992,1,2017-08-10
45,"cdu_csu",14.744,36.7920455932617,27.1906980225042,0.648405719004161,0.351594280995839,1,2017-08-10
45,"fdp",2.302,6.66934633255005,13.7354163247314,0.856460669637286,0.143539330362714,1,2017-08-10
45,"gruene",6.822,10.3744049072266,3.44291501439547,0.33540609050997,0.66459390949003,1,2017-08-10
45,"linke_pds",7.645,8.55743789672852,7.36413116108637,0.490643401143638,0.509356598856362,1,2017-08-10
45,"spd",14.69,24.429838180542,27.2930441102895,0.650096835250694,0.349903164749306,1,2017-08-10
46,"afd",5.29,6.78091192245483,25.840097774351,0.83006799277198,0.16993200722802,1,2017-08-09
46,"cdu_csu",15.174,36.7920455932617,27.1906980225042,0.641824426744655,0.358175573255345,1,2017-08-09
46,"fdp",2.238,6.66934633255005,13.7354163247314,0.859892213756744,0.140107786243256,1,2017-08-09
46,"gruene",6.794,10.3744049072266,3.44291501439547,0.336323492922813,0.663676507077187,1,2017-08-09
46,"linke_pds",6.122,8.55743789672852,7.36413116108637,0.546052168195964,0.453947831804036,1,2017-08-09
46,"spd",14.926,24.429838180542,27.2930441102895,0.646462862564852,0.353537137435149,1,2017-08-09
47,"afd",5.29,6.78091192245483,25.840097774351,0.83006799277198,0.16993200722802,1,2017-08-08
47,"cdu_csu",16.212,36.7920455932617,27.1906980225042,0.626474833624533,0.373525166375467,1,2017-08-08
47,"fdp",2.258,6.66934633255005,13.7354163247314,0.85881690602224,0.14118309397776,1,2017-08-08
47,"gruene",7.152,10.3744049072266,3.44291501439547,0.324959191245756,0.675040808754244,1,2017-08-08
47,"linke_pds",5.626,8.55743789672852,7.36413116108637,0.566901986574746,0.433098013425254,1,2017-08-08
47,"spd",15.666,24.429838180542,27.2930441102895,0.635327081306083,0.364672918693918,1,2017-08-08
48,"afd",4.84,6.78091192245483,25.840097774351,0.842243006016549,0.157756993983452,1,2017-08-07
48,"cdu_csu",16.168,36.7920455932617,27.1906980225042,0.627110574408659,0.372889425591341,1,2017-08-07
48,"fdp",2.24,6.66934633255005,13.7354163247314,0.859784561825016,0.140215438174984,1,2017-08-07
48,"gruene",7.4,10.3744049072266,3.44291501439547,0.317526699215527,0.682473300784473,1,2017-08-07
48,"linke_pds",5.86,8.55743789672852,7.36413116108637,0.556870698829442,0.443129301170558,1,2017-08-07
48,"spd",15.19,24.429838180542,27.2930441102895,0.642445584629823,0.357554415370177,1,2017-08-07
49,"afd",4.84,6.78091192245483,25.840097774351,0.842243006016549,0.157756993983452,1,2017-08-06
49,"cdu_csu",16.814,36.7920455932617,27.1906980225042,0.617904433944729,0.382095566055271,1,2017-08-06
49,"fdp",2.356,6.66934633255005,13.7354163247314,0.853586536296436,0.146413463703564,1,2017-08-06
49,"gruene",7.244,10.3744049072266,3.44291501439547,0.322161728595933,0.677838271404067,1,2017-08-06
49,"linke_pds",5.292,8.55743789672852,7.36413116108637,0.581862740465962,0.418137259534038,1,2017-08-06
49,"spd",15.224,24.429838180542,27.2930441102895,0.641931834195509,0.358068165804491,1,2017-08-06
50,"afd",4.84,6.78091192245483,25.840097774351,0.842243006016549,0.157756993983452,1,2017-08-05
50,"cdu_csu",16.642,36.7920455932617,27.1906980225042,0.620329097892724,0.379670902107276,1,2017-08-05
50,"fdp",2.356,6.66934633255005,13.7354163247314,0.853586536296436,0.146413463703564,1,2017-08-05
50,"gruene",7.244,10.3744049072266,3.44291501439547,0.322161728595933,0.677838271404067,1,2017-08-05
50,"linke_pds",5.384,8.55743789672852,7.36413116108637,0.577663585982341,0.422336414017659,1,2017-08-05
50,"spd",15.12,24.429838180542,27.2930441102895,0.643505899725508,0.356494100274492,1,2017-08-05
51,"afd",4.84,6.78091192245483,25.840097774351,0.842243006016549,0.157756993983452,1,2017-08-04
51,"cdu_csu",17.078,36.7920455932617,27.1906980225042,0.614219510333954,0.385780489666046,1,2017-08-04
51,"fdp",2.462,6.66934633255005,13.7354163247314,0.848000449538311,0.151999550461689,1,2017-08-04
51,"gruene",6.678,10.3744049072266,3.44291501439547,0.34017823581153,0.65982176418847,1,2017-08-04
51,"linke_pds",5.66,8.55743789672852,7.36413116108637,0.565422066931343,0.434577933068657,1,2017-08-04
51,"spd",14.942,24.429838180542,27.2930441102895,0.646217961534938,0.353782038465062,1,2017-08-04
52,"afd",4.84,6.78091192245483,25.840097774351,0.842243006016549,0.157756993983452,1,2017-08-03
52,"cdu_csu",16.134,36.7920455932617,27.1906980225042,0.627602713084821,0.372397286915179,1,2017-08-03
52,"fdp",2.308,6.66934633255005,13.7354163247314,0.856140366036494,0.143859633963506,1,2017-08-03
52,"gruene",6.586,10.3744049072266,3.44291501439547,0.343298852313887,0.656701147686113,1,2017-08-03
52,"linke_pds",5.624,8.55743789672852,7.36413116108637,0.566989281964597,0.433010718035403,1,2017-08-03
52,"spd",14.778,24.429838180542,27.2930441102895,0.648737027746224,0.351262972253776,1,2017-08-03
53,"afd",5.29,6.78091192245483,25.840097774351,0.83006799277198,0.16993200722802,1,2017-08-02
53,"cdu_csu",15.878,36.7920455932617,27.1906980225042,0.631333178641633,0.368666821358367,1,2017-08-02
53,"fdp",2.1,6.66934633255005,13.7354163247314,0.86738586741668,0.13261413258332,1,2017-08-02
53,"gruene",6.192,10.3744049072266,3.44291501439547,0.357337351627018,0.642662648372982,1,2017-08-02
53,"linke_pds",6.964,8.55743789672852,7.36413116108637,0.513963131569213,0.486036868430787,1,2017-08-02
53,"spd",14.602,24.429838180542,27.2930441102895,0.651462355271426,0.348537644728574,1,2017-08-02
54,"afd",4.84,6.78091192245483,25.840097774351,0.842243006016549,0.157756993983452,1,2017-08-01
54,"cdu_csu",17.478,36.7920455932617,27.1906980225042,0.608719287246865,0.391280712753135,1,2017-08-01
54,"fdp",2.248,6.66934633255005,13.7354163247314,0.859354223507171,0.140645776492829,1,2017-08-01
54,"gruene",6.534,10.3744049072266,3.44291501439547,0.345088136906826,0.654911863093174,1,2017-08-01
54,"linke_pds",8.546,8.55743789672852,7.36413116108637,0.462857979392267,0.537142020607733,1,2017-08-01
54,"spd",15.03,24.429838180542,27.2930441102895,0.644874315731322,0.355125684268678,1,2017-08-01
55,"afd",4.84,6.78091192245483,25.840097774351,0.842243006016549,0.157756993983452,1,2017-07-31
55,"cdu_csu",17.846,36.7920455932617,27.1906980225042,0.603745372471965,0.396254627528035,1,2017-07-31
55,"fdp",2.376,6.66934633255005,13.7354163247314,0.852526931704149,0.147473068295851,1,2017-07-31
55,"gruene",6.656,10.3744049072266,3.44291501439547,0.340919297715426,0.659080702284574,1,2017-07-31
55,"linke_pds",8.498,8.55743789672852,7.36413116108637,0.464258622394471,0.535741377605529,1,2017-07-31
55,"spd",14.514,24.429838180542,27.2930441102895,0.652833623881392,0.347166376118608,1,2017-07-31
56,"afd",4.84,6.78091192245483,25.840097774351,0.842243006016549,0.157756993983452,1,2017-07-30
56,"cdu_csu",17.996,36.7920455932617,27.1906980225042,0.601741202885913,0.398258797114087,1,2017-07-30
56,"fdp",2.422,6.66934633255005,13.7354163247314,0.850099796197443,0.149900203802557,1,2017-07-30
56,"gruene",6.404,10.3744049072266,3.44291501439547,0.349644026516141,0.650355973483859,1,2017-07-30
56,"linke_pds",8.45,8.55743789672852,7.36413116108637,0.465667768028078,0.534332231971922,1,2017-07-30
56,"spd",14.602,24.429838180542,27.2930441102895,0.651462355271426,0.348537644728574,1,2017-07-30
57,"afd",5.29,6.78091192245483,25.840097774351,0.83006799277198,0.16993200722802,1,2017-07-29
57,"cdu_csu",17.788,36.7920455932617,27.1906980225042,0.604523901712314,0.395476098287686,1,2017-07-29
57,"fdp",2.422,6.66934633255005,13.7354163247314,0.850099796197443,0.149900203802557,1,2017-07-29
57,"gruene",6.398,10.3744049072266,3.44291501439547,0.349857204270041,0.650142795729959,1,2017-07-29
57,"linke_pds",8.692,8.55743789672852,7.36413116108637,0.45864916568034,0.54135083431966,1,2017-07-29
57,"spd",14.582,24.429838180542,27.2930441102895,0.651773501143204,0.348226498856796,1,2017-07-29
58,"afd",5.29,6.78091192245483,25.840097774351,0.83006799277198,0.16993200722802,1,2017-07-28
58,"cdu_csu",18.546,36.7920455932617,27.1906980225042,0.594505051701051,0.405494948298949,1,2017-07-28
58,"fdp",2.49,6.66934633255005,13.7354163247314,0.846537065665018,0.153462934334982,1,2017-07-28
58,"gruene",6.346,10.3744049072266,3.44291501439547,0.351715691609577,0.648284308390423,1,2017-07-28
58,"linke_pds",7.83,8.55743789672852,7.36413116108637,0.484669447894896,0.515330552105103,1,2017-07-28
58,"spd",14.296,24.429838180542,27.2930441102895,0.656255624387793,0.343744375612207,1,2017-07-28
59,"afd",4.41,6.78091192245483,25.840097774351,0.854215347239663,0.145784652760337,1,2017-07-27
59,"cdu_csu",17.648,36.7920455932617,27.1906980225042,0.606411408485978,0.393588591514022,1,2017-07-27
59,"fdp",2.266,6.66934633255005,13.7354163247314,0.858387535577227,0.141612464422773,1,2017-07-27
59,"gruene",6.466,10.3744049072266,3.44291501439547,0.347456306709027,0.652543693290973,1,2017-07-27
59,"linke_pds",7.844,8.55743789672852,7.36413116108637,0.484223280499399,0.515776719500601,1,2017-07-27
59,"spd",13.45,24.429838180542,27.2930441102895,0.669882300311398,0.330117699688602,1,2017-07-27
60,"afd",4.84,6.78091192245483,25.840097774351,0.842243006016549,0.157756993983452,1,2017-07-26
60,"cdu_csu",17.338,36.7920455932617,27.1906980225042,0.61063312492906,0.38936687507094,1,2017-07-26
60,"fdp",2.21,6.66934633255005,13.7354163247314,0.861402176337517,0.138597823662483,1,2017-07-26
60,"gruene",6.3,10.3744049072266,3.44291501439547,0.353376274893957,0.646623725106043,1,2017-07-26
60,"linke_pds",7.316,8.55743789672852,7.36413116108637,0.501639330076763,0.498360669923237,1,2017-07-26
60,"spd",13.39,24.429838180542,27.2930441102895,0.670870253373851,0.329129746626149,1,2017-07-26
61,"afd",4.84,6.78091192245483,25.840097774351,0.842243006016549,0.157756993983452,1,2017-07-25
61,"cdu_csu",17.768,36.7920455932617,27.1906980225042,0.604792825826358,0.395207174173642,1,2017-07-25
61,"fdp",2.212,6.66934633255005,13.7354163247314,0.861294146026049,0.138705853973951,1,2017-07-25
61,"gruene",6.206,10.3744049072266,3.44291501439547,0.356818876449725,0.643181123550275,1,2017-07-25
61,"linke_pds",7.116,8.55743789672852,7.36413116108637,0.508567987345073,0.491432012654927,1,2017-07-25
61,"spd",13.39,24.429838180542,27.2930441102895,0.670870253373851,0.329129746626149,1,2017-07-25
62,"afd",4.84,6.78091192245483,25.840097774351,0.842243006016549,0.157756993983452,1,2017-07-24
62,"cdu_csu",17.418,36.7920455932617,27.1906980225042,0.609538032443517,0.390461967556483,1,2017-07-24
62,"fdp",2.246,6.66934633255005,13.7354163247314,0.859461767695502,0.140538232304498,1,2017-07-24
62,"gruene",6.206,10.3744049072266,3.44291501439547,0.356818876449725,0.643181123550275,1,2017-07-24
62,"linke_pds",7.232,8.55743789672852,7.36413116108637,0.504526239166672,0.495473760833328,1,2017-07-24
62,"spd",13.452,24.429838180542,27.2930441102895,0.669849418653521,0.330150581346479,1,2017-07-24
63,"afd",5.29,6.78091192245483,25.840097774351,0.83006799277198,0.16993200722802,1,2017-07-23
63,"cdu_csu",17.608,36.7920455932617,27.1906980225042,0.606952862979304,0.393047137020696,1,2017-07-23
63,"fdp",2.326,6.66934633255005,13.7354163247314,0.855180891088763,0.144819108911237,1,2017-07-23
63,"gruene",6.108,10.3744049072266,3.44291501439547,0.360480122502,0.639519877498,1,2017-07-23
63,"linke_pds",7.214,8.55743789672852,7.36413116108637,0.505149190915744,0.494850809084256,1,2017-07-23
63,"spd",13.456,24.429838180542,27.2930441102895,0.669783665020936,0.330216334979064,1,2017-07-23
64,"afd",5.29,6.78091192245483,25.840097774351,0.83006799277198,0.16993200722802,1,2017-07-22
64,"cdu_csu",17.896,36.7920455932617,27.1906980225042,0.603075834227924,0.396924165772076,1,2017-07-22
64,"fdp",2.326,6.66934633255005,13.7354163247314,0.855180891088763,0.144819108911237,1,2017-07-22
64,"gruene",6.014,10.3744049072266,3.44291501439547,0.364063228775411,0.635936771224589,1,2017-07-22
64,"linke_pds",7.158,8.55743789672852,7.36413116108637,0.507097138801457,0.492902861198543,1,2017-07-22
64,"spd",13.432,24.429838180542,27.2930441102895,0.670178380565429,0.329821619434571,1,2017-07-22
65,"afd",5.29,6.78091192245483,25.840097774351,0.83006799277198,0.16993200722802,1,2017-07-21
65,"cdu_csu",18.546,36.7920455932617,27.1906980225042,0.594505051701051,0.40549494829895,1,2017-07-21
65,"fdp",2.294,6.66934633255005,13.7354163247314,0.856888114106772,0.143111885893228,1,2017-07-21
65,"gruene",6.324,10.3744049072266,3.44291501439547,0.352507932066672,0.647492067933328,1,2017-07-21
65,"linke_pds",7.23,8.55743789672852,7.36413116108637,0.504595380143082,0.495404619856918,1,2017-07-21
65,"spd",13.284,24.429838180542,27.2930441102895,0.672622777452844,0.327377222547156,1,2017-07-21
66,"afd",4.84,6.78091192245483,25.840097774351,0.842243006016549,0.157756993983452,1,2017-07-20
66,"cdu_csu",17.612,36.7920455932617,27.1906980225042,0.606898674022855,0.393101325977145,1,2017-07-20
66,"fdp",2.116,6.66934633255005,13.7354163247314,0.866510351084615,0.133489648915385,1,2017-07-20
66,"gruene",6.542,10.3744049072266,3.44291501439547,0.344811649316168,0.655188350683832,1,2017-07-20
66,"linke_pds",8.43,8.55743789672852,7.36413116108637,0.466257439929975,0.533742560070025,1,2017-07-20
66,"spd",13.458,24.429838180542,27.2930441102895,0.669750793045278,0.330249206954722,1,2017-07-20
67,"afd",5.29,6.78091192245483,25.840097774351,0.83006799277198,0.16993200722802,1,2017-07-19
67,"cdu_csu",18.606,36.7920455932617,27.1906980225042,0.59372616796833,0.40627383203167,1,2017-07-19
67,"fdp",2.356,6.66934633255005,13.7354163247314,0.853586536296436,0.146413463703564,1,2017-07-19
67,"gruene",6.566,10.3744049072266,3.44291501439547,0.343984838460877,0.656015161539123,1,2017-07-19
67,"linke_pds",8.035,8.55743789672852,7.36413116108637,0.478217315253184,0.521782684746816,1,2017-07-19
67,"spd",13.72,24.429838180542,27.2930441102895,0.665472283327589,0.334527716672411,1,2017-07-19
68,"afd",4.84,6.78091192245483,25.840097774351,0.842243006016549,0.157756993983452,1,2017-07-18
68,"cdu_csu",19.324,36.7920455932617,27.1906980225042,0.58456142205522,0.41543857794478,1,2017-07-18
68,"fdp",2.632,6.66934633255005,13.7354163247314,0.839192701659149,0.160807298340851,1,2017-07-18
68,"gruene",6.856,10.3744049072266,3.44291501439547,0.334298808134943,0.665701191865057,1,2017-07-18
68,"linke_pds",7.525,8.55743789672852,7.36413116108637,0.494597776150496,0.505402223849504,1,2017-07-18
68,"spd",13.822,24.429838180542,27.2930441102895,0.663821350576129,0.336178649423871,1,2017-07-18
69,"afd",4.84,6.78091192245483,25.840097774351,0.842243006016549,0.157756993983452,1,2017-07-17
69,"cdu_csu",19.292,36.7920455932617,27.1906980225042,0.584963850621151,0.41503614937885,1,2017-07-17
69,"fdp",2.686,6.66934633255005,13.7354163247314,0.83643310985577,0.16356689014423,1,2017-07-17
69,"gruene",6.79,10.3744049072266,3.44291501439547,0.336454960248575,0.663545039751425,1,2017-07-17
69,"linke_pds",7.495,8.55743789672852,7.36413116108637,0.49559634956126,0.50440365043874,1,2017-07-17
69,"spd",14.036,24.429838180542,27.2930441102895,0.66038411238005,0.33961588761995,1,2017-07-17
70,"afd",4.84,6.78091192245483,25.840097774351,0.842243006016549,0.157756993983452,1,2017-07-16
70,"cdu_csu",18.798,36.7920455932617,27.1906980225042,0.59124739754969,0.40875260245031,1,2017-07-16
70,"fdp",2.688,6.66934633255005,13.7354163247314,0.836331251254208,0.163668748745792,1,2017-07-16
70,"gruene",6.724,10.3744049072266,3.44291501439547,0.338639106309102,0.661360893690898,1,2017-07-16
70,"linke_pds",6.7975,8.55743789672852,7.36413116108637,0.5200058578931,0.4799941421069,1,2017-07-16
70,"spd",13.934,24.429838180542,27.2930441102895,0.662017971438259,0.337982028561741,1,2017-07-16
71,"afd",4.84,6.78091192245483,25.840097774351,0.842243006016549,0.157756993983452,1,2017-07-15
71,"cdu_csu",18.714,36.7920455932617,27.1906980225042,0.59232930819356,0.40767069180644,1,2017-07-15
71,"fdp",2.63,6.66934633255005,13.7354163247314,0.839295258500357,0.160704741499643,1,2017-07-15
71,"gruene",6.724,10.3744049072266,3.44291501439547,0.338639106309102,0.661360893690898,1,2017-07-15
71,"linke_pds",7.0875,8.55743789672852,7.36413116108637,0.50957093209766,0.49042906790234,1,2017-07-15
71,"spd",13.934,24.429838180542,27.2930441102895,0.662017971438259,0.337982028561741,1,2017-07-15
72,"afd",4.84,6.78091192245483,25.840097774351,0.842243006016549,0.157756993983452,1,2017-07-14
72,"cdu_csu",19.618,36.7920455932617,27.1906980225042,0.580889859603267,0.419110140396733,1,2017-07-14
72,"fdp",2.812,6.66934633255005,13.7354163247314,0.830064105186182,0.169935894813817,1,2017-07-14
72,"gruene",6.294,10.3744049072266,3.44291501439547,0.353594029454434,0.646405970545566,1,2017-07-14
72,"linke_pds",6.7175,8.55743789672852,7.36413116108637,0.522960094384282,0.477039905615718,1,2017-07-14
72,"spd",14.134,24.429838180542,27.2930441102895,0.658821904783463,0.341178095216537,1,2017-07-14
73,"afd",4.84,6.78091192245483,25.840097774351,0.842243006016549,0.157756993983452,1,2017-07-13
73,"cdu_csu",18.718,36.7920455932617,27.1906980225042,0.592277698861672,0.407722301138328,1,2017-07-13
73,"fdp",2.638,6.66934633255005,13.7354163247314,0.83888518146238,0.16111481853762,1,2017-07-13
73,"gruene",6.384,10.3744049072266,3.44291501439547,0.350355631380951,0.649644368619049,1,2017-07-13
73,"linke_pds",8.774,8.55743789672852,7.36413116108637,0.45631870800774,0.543681291992261,1,2017-07-13
73,"spd",13.62,24.429838180542,27.2930441102895,0.667098836173507,0.332901163826493,1,2017-07-13
74,"afd",5.76,6.78091192245483,25.840097774351,0.817722082978008,0.182277917021992,1,2017-07-12
74,"cdu_csu",19.66,36.7920455932617,27.1906980225042,0.580369112311698,0.419630887688302,1,2017-07-12
74,"fdp",2.926,6.66934633255005,13.7354163247314,0.82438467757049,0.17561532242951,1,2017-07-12
74,"gruene",6.438,10.3744049072266,3.44291501439547,0.348440909508836,0.651559090491164,1,2017-07-12
74,"linke_pds",9.454,8.55743789672852,7.36413116108637,0.437868577105965,0.562131422894035,1,2017-07-12
74,"spd",14.35,24.429838180542,27.2930441102895,0.655404634637305,0.344595365362694,1,2017-07-12
75,"afd",5.29,6.78091192245483,25.840097774351,0.83006799277198,0.16993200722802,1,2017-07-11
75,"cdu_csu",20.84,36.7920455932617,27.1906980225042,0.566110823743688,0.433889176256312,1,2017-07-11
75,"fdp",3,6.66934633255005,13.7354163247314,0.820739446107078,0.179260553892922,1,2017-07-11
75,"gruene",6.536,10.3744049072266,3.44291501439547,0.345018973448392,0.654981026551608,1,2017-07-11
75,"linke_pds",10.288,8.55743789672852,7.36413116108637,0.417180854474977,0.582819145525023,1,2017-07-11
75,"spd",14.88,24.429838180542,27.2930441102895,0.647167988132743,0.352832011867257,1,2017-07-11
76,"afd",5.29,6.78091192245483,25.840097774351,0.83006799277198,0.16993200722802,1,2017-07-10
76,"cdu_csu",20.748,36.7920455932617,27.1906980225042,0.56719725699976,0.43280274300024,1,2017-07-10
76,"fdp",3.018,6.66934633255005,13.7354163247314,0.819857637302021,0.180142362697979,1,2017-07-10
76,"gruene",6.952,10.3744049072266,3.44291501439547,0.331211463453768,0.668788536546232,1,2017-07-10
76,"linke_pds",10.35,8.55743789672852,7.36413116108637,0.415720708744868,0.584279291255132,1,2017-07-10
76,"spd",14.982,24.429838180542,27.2930441102895,0.645606519985783,0.354393480014217,1,2017-07-10
77,"afd",5.76,6.78091192245483,25.840097774351,0.817722082978008,0.182277917021992,1,2017-07-09
77,"cdu_csu",21.956,36.7920455932617,27.1906980225042,0.553255846609545,0.446744153390455,1,2017-07-09
77,"fdp",3.102,6.66934633255005,13.7354163247314,0.815767458606837,0.184232541393163,1,2017-07-09
77,"gruene",6.742,10.3744049072266,3.44291501439547,0.338040622776844,0.661959377223156,1,2017-07-09
77,"linke_pds",10.436,8.55743789672852,7.36413116108637,0.413712185289141,0.586287814710859,1,2017-07-09
77,"spd",15.264,24.429838180542,27.2930441102895,0.64132847289764,0.35867152710236,1,2017-07-09
78,"afd",5.76,6.78091192245483,25.840097774351,0.817722082978008,0.182277917021992,1,2017-07-08
78,"cdu_csu",22.508,36.7920455932617,27.1906980225042,0.547110872204175,0.452889127795825,1,2017-07-08
78,"fdp",3.102,6.66934633255005,13.7354163247314,0.815767458606837,0.184232541393163,1,2017-07-08
78,"gruene",6.678,10.3744049072266,3.44291501439547,0.34017823581153,0.65982176418847,1,2017-07-08
78,"linke_pds",10.374,8.55743789672852,7.36413116108637,0.415158231394843,0.584841768605157,1,2017-07-08
78,"spd",15.35,24.429838180542,27.2930441102895,0.640035079102241,0.359964920897759,1,2017-07-08
79,"afd",5.76,6.78091192245483,25.840097774351,0.817722082978008,0.182277917021992,1,2017-07-07
79,"cdu_csu",23.814,36.7920455932617,27.1906980225042,0.533101833295967,0.466898166704033,1,2017-07-07
79,"fdp",3.12,6.66934633255005,13.7354163247314,0.814896295654108,0.185103704345892,1,2017-07-07
79,"gruene",6.972,10.3744049072266,3.44291501439547,0.330575430489513,0.669424569510487,1,2017-07-07
79,"linke_pds",9.568,8.55743789672852,7.36413116108637,0.434920512428507,0.565079487571493,1,2017-07-07
79,"spd",14.552,24.429838180542,27.2930441102895,0.652240777626,0.347759222374,1,2017-07-07
80,"afd",5.76,6.78091192245483,25.840097774351,0.817722082978008,0.182277917021992,1,2017-07-06
80,"cdu_csu",22.982,36.7920455932617,27.1906980225042,0.541942113822705,0.458057886177295,1,2017-07-06
80,"fdp",3.118,6.66934633255005,13.7354163247314,0.814992999643371,0.185007000356629,1,2017-07-06
80,"gruene",6.532,10.3744049072266,3.44291501439547,0.345157328100216,0.654842671899784,1,2017-07-06
80,"linke_pds",9.356,8.55743789672852,7.36413116108637,0.44043501155214,0.55956498844786,1,2017-07-06
80,"spd",14.248,24.429838180542,27.2930441102895,0.657013917075068,0.342986082924932,1,2017-07-06
81,"afd",5.76,6.78091192245483,25.840097774351,0.817722082978008,0.182277917021992,1,2017-07-05
81,"cdu_csu",23.802,36.7920455932617,27.1906980225042,0.53322728698341,0.46677271301659,1,2017-07-05
81,"fdp",3.234,6.66934633255005,13.7354163247314,0.809421848217211,0.190578151782789,1,2017-07-05
81,"gruene",6.582,10.3744049072266,3.44291501439547,0.343435830573282,0.656564169426718,1,2017-07-05
81,"linke_pds",8.964,8.55743789672852,7.36413116108637,0.451008819590864,0.548991180409136,1,2017-07-05
81,"spd",14.266,24.429838180542,27.2930441102895,0.656729352048116,0.343270647951884,1,2017-07-05
82,"afd",5.29,6.78091192245483,25.840097774351,0.83006799277198,0.16993200722802,1,2017-07-04
82,"cdu_csu",25.092,36.7920455932617,27.1906980225042,0.520070674447604,0.479929325552396,1,2017-07-04
82,"fdp",3.092,6.66934633255005,13.7354163247314,0.816252243343165,0.183747756656835,1,2017-07-04
82,"gruene",6.998,10.3744049072266,3.44291501439547,0.329752230494026,0.670247769505974,1,2017-07-04
82,"linke_pds",8.964,8.55743789672852,7.36413116108637,0.451008819590864,0.548991180409136,1,2017-07-04
82,"spd",14.182,24.429838180542,27.2930441102895,0.658059435397162,0.341940564602838,1,2017-07-04
83,"afd",5.29,6.78091192245483,25.840097774351,0.83006799277198,0.16993200722802,1,2017-07-03
83,"cdu_csu",25.052,36.7920455932617,27.1906980225042,0.520468870325025,0.479531129674975,1,2017-07-03
83,"fdp",2.966,6.66934633255005,13.7354163247314,0.822410270941635,0.177589729058365,1,2017-07-03
83,"gruene",7.162,10.3744049072266,3.44291501439547,0.324652768053487,0.675347231946513,1,2017-07-03
83,"linke_pds",9.08,8.55743789672852,7.36413116108637,0.447827318387788,0.552172681612212,1,2017-07-03
83,"spd",13.884,24.429838180542,27.2930441102895,0.662821839206991,0.337178160793009,1,2017-07-03
84,"afd",5.76,6.78091192245483,25.840097774351,0.817722082978008,0.182277917021992,1,2017-07-02
84,"cdu_csu",25.15,36.7920455932617,27.1906980225042,0.51949437148915,0.480505628510851,1,2017-07-02
84,"fdp",2.966,6.66934633255005,13.7354163247314,0.822410270941635,0.177589729058365,1,2017-07-02
84,"gruene",7.052,10.3744049072266,3.44291501439547,0.328055540199512,0.671944459800488,1,2017-07-02
84,"linke_pds",9.058,8.55743789672852,7.36413116108637,0.448427252763411,0.551572747236589,1,2017-07-02
84,"spd",13.866,24.429838180542,27.2930441102895,0.663111709716951,0.336888290283049,1,2017-07-02
85,"afd",6.25,6.78091192245483,25.840097774351,0.805235869209613,0.194764130790387,1,2017-07-01
85,"cdu_csu",25.004,36.7920455932617,27.1906980225042,0.520947511005441,0.479052488994559,1,2017-07-01
85,"fdp",2.948,6.66934633255005,13.7354163247314,0.823297582304537,0.176702417695463,1,2017-07-01
85,"gruene",7.244,10.3744049072266,3.44291501439547,0.322161728595933,0.677838271404067,1,2017-07-01
85,"linke_pds",9.17,8.55743789672852,7.36413116108637,0.445389666341713,0.554610333658287,1,2017-07-01
85,"spd",13.908,24.429838180542,27.2930441102895,0.662435739182477,0.337564260817522,1,2017-07-01
86,"afd",5.76,6.78091192245483,25.840097774351,0.817722082978008,0.182277917021992,1,2017-06-30
86,"cdu_csu",25.872,36.7920455932617,27.1906980225042,0.512425847833302,0.487574152166698,1,2017-06-30
86,"fdp",3.114,6.66934633255005,13.7354163247314,0.815186476493592,0.184813523506408,1,2017-06-30
86,"gruene",7.114,10.3744049072266,3.44291501439547,0.326128893687284,0.673871106312716,1,2017-06-30
86,"linke_pds",8.984,8.55743789672852,7.36413116108637,0.450457063778354,0.549542936221646,1,2017-06-30
86,"spd",13.934,24.429838180542,27.2930441102895,0.662017971438259,0.337982028561741,1,2017-06-30
87,"afd",5.76,6.78091192245483,25.840097774351,0.817722082978008,0.182277917021992,1,2017-06-29
87,"cdu_csu",25.668,36.7920455932617,27.1906980225042,0.514403476433112,0.485596523566888,1,2017-06-29
87,"fdp",3.094,6.66934633255005,13.7354163247314,0.816155240306625,0.183844759693375,1,2017-06-29
87,"gruene",7.986,10.3744049072266,3.44291501439547,0.301246007172063,0.698753992827937,1,2017-06-29
87,"linke_pds",8.48,8.55743789672852,7.36413116108637,0.464786051454363,0.535213948545637,1,2017-06-29
87,"spd",12.828,24.429838180542,27.2930441102895,0.680267543268892,0.319732456731108,1,2017-06-29
88,"afd",6.25,6.78091192245483,25.840097774351,0.805235869209613,0.194764130790387,1,2017-06-28
88,"cdu_csu",26.576,36.7920455932617,27.1906980225042,0.505716345294692,0.494283654705308,1,2017-06-28
88,"fdp",3.114,6.66934633255005,13.7354163247314,0.815186476493592,0.184813523506408,1,2017-06-28
88,"gruene",8.052,10.3744049072266,3.44291501439547,0.299516352237819,0.700483647762181,1,2017-06-28
88,"linke_pds",8.54,8.55743789672852,7.36413116108637,0.463032597411209,0.536967402588791,1,2017-06-28
88,"spd",13.078,24.429838180542,27.2930441102895,0.676054947593818,0.323945052406182,1,2017-06-28
89,"afd",5.76,6.78091192245483,25.840097774351,0.817722082978008,0.182277917021992,1,2017-06-27
89,"cdu_csu",27.604,36.7920455932617,27.1906980225042,0.496228631670476,0.503771368329524,1,2017-06-27
89,"fdp",3.326,6.66934633255005,13.7354163247314,0.805057215843283,0.194942784156717,1,2017-06-27
89,"gruene",8.672,10.3744049072266,3.44291501439547,0.284188127634775,0.715811872365225,1,2017-06-27
89,"linke_pds",8.478,8.55743789672852,7.36413116108637,0.464844728667262,0.535155271332738,1,2017-06-27
89,"spd",13.116,24.429838180542,27.2930441102895,0.675419196648103,0.324580803351897,1,2017-06-27
90,"afd",5.76,6.78091192245483,25.840097774351,0.817722082978008,0.182277917021992,1,2017-06-26
90,"cdu_csu",27.58,36.7920455932617,27.1906980225042,0.496446074346762,0.503553925653238,1,2017-06-26
90,"fdp",3.438,6.66934633255005,13.7354163247314,0.799806868069171,0.200193131930829,1,2017-06-26
90,"gruene",8.586,10.3744049072266,3.44291501439547,0.286219913456467,0.713780086543533,1,2017-06-26
90,"linke_pds",8.54,8.55743789672852,7.36413116108637,0.463032597411209,0.536967402588791,1,2017-06-26
90,"spd",13.132,24.429838180542,27.2930441102895,0.675151869613978,0.324848130386022,1,2017-06-26
91,"afd",5.76,6.78091192245483,25.840097774351,0.817722082978008,0.182277917021992,1,2017-06-25
91,"cdu_csu",27.518,36.7920455932617,27.1906980225042,0.497008684273923,0.502991315726077,1,2017-06-25
91,"fdp",3.54,6.66934633255005,13.7354163247314,0.795084533220068,0.204915466779932,1,2017-06-25
91,"gruene",8.344,10.3744049072266,3.44291501439547,0.292096363653306,0.707903636346694,1,2017-06-25
91,"linke_pds",8.388,8.55743789672852,7.36413116108637,0.467500624885509,0.532499375114491,1,2017-06-25
91,"spd",13.212,24.429838180542,27.2930441102895,0.673818402369206,0.326181597630794,1,2017-06-25
92,"afd",5.76,6.78091192245483,25.840097774351,0.817722082978008,0.182277917021992,1,2017-06-24
92,"cdu_csu",27.502,36.7920455932617,27.1906980225042,0.4971540809948,0.5028459190052,1,2017-06-24
92,"fdp",3.54,6.66934633255005,13.7354163247314,0.795084533220068,0.204915466779932,1,2017-06-24
92,"gruene",8.344,10.3744049072266,3.44291501439547,0.292096363653306,0.707903636346694,1,2017-06-24
92,"linke_pds",8.464,8.55743789672852,7.36413116108637,0.465255884358045,0.534744115641955,1,2017-06-24
92,"spd",13.164,24.429838180542,27.2930441102895,0.674617849882612,0.325382150117388,1,2017-06-24
93,"afd",5.76,6.78091192245483,25.840097774351,0.817722082978008,0.182277917021992,1,2017-06-23
93,"cdu_csu",28.11,36.7920455932617,27.1906980225042,0.491688152135786,0.508311847864214,1,2017-06-23
93,"fdp",3.728,6.66934633255005,13.7354163247314,0.786525160330716,0.213474839669284,1,2017-06-23
93,"gruene",7.688,10.3744049072266,3.44291501439547,0.30931105034427,0.69068894965573,1,2017-06-23
93,"linke_pds",8.768,8.55743789672852,7.36413116108637,0.456488425958871,0.543511574041129,1,2017-06-23
93,"spd",12.518,24.429838180542,27.2930441102895,0.685564639668302,0.314435360331698,1,2017-06-23
94,"afd",5.29,6.78091192245483,25.840097774351,0.83006799277198,0.16993200722802,1,2017-06-22
94,"cdu_csu",28.06,36.7920455932617,27.1906980225042,0.492133113167713,0.507866886832287,1,2017-06-22
94,"fdp",3.838,6.66934633255005,13.7354163247314,0.781601941871786,0.218398058128214,1,2017-06-22
94,"gruene",7.334,10.3744049072266,3.44291501439547,0.319471296729772,0.680528703270228,1,2017-06-22
94,"linke_pds",8.405,8.55743789672852,7.36413116108637,0.466996633223453,0.533003366776547,1,2017-06-22
94,"spd",12.656,24.429838180542,27.2930441102895,0.683196424799054,0.316803575200946,1,2017-06-22
95,"afd",4.84,6.78091192245483,25.840097774351,0.842243006016549,0.157756993983452,1,2017-06-21
95,"cdu_csu",29.568,36.7920455932617,27.1906980225042,0.479057817917588,0.520942182082412,1,2017-06-21
95,"fdp",3.804,6.66934633255005,13.7354163247314,0.783117070170905,0.216882929829095,1,2017-06-21
95,"gruene",7.288,10.3744049072266,3.44291501439547,0.32084076798454,0.67915923201546,1,2017-06-21
95,"linke_pds",8.5625,8.55743789672852,7.36413116108637,0.462378458231594,0.537621541768406,1,2017-06-21
95,"spd",12.534,24.429838180542,27.2930441102895,0.685289222938797,0.314710777061203,1,2017-06-21
96,"afd",4.84,6.78091192245483,25.840097774351,0.842243006016549,0.157756993983452,1,2017-06-20
96,"cdu_csu",29.69,36.7920455932617,27.1906980225042,0.478030315516636,0.521969684483364,1,2017-06-20
96,"fdp",3.818,6.66934633255005,13.7354163247314,0.782492482980607,0.217507517019393,1,2017-06-20
96,"gruene",7.03,10.3744049072266,3.44291501439547,0.328744672296399,0.671255327703601,1,2017-06-20
96,"linke_pds",8.955,8.55743789672852,7.36413116108637,0.451257550931783,0.548742449068217,1,2017-06-20
96,"spd",12.862,24.429838180542,27.2930441102895,0.679691548472133,0.320308451527867,1,2017-06-20
97,"afd",4.41,6.78091192245483,25.840097774351,0.854215347239663,0.145784652760337,1,2017-06-19
97,"cdu_csu",29.658,36.7920455932617,27.1906980225042,0.478299397670294,0.521700602329706,1,2017-06-19
97,"fdp",4.012,6.66934633255005,13.7354163247314,0.773938925723561,0.226061074276439,1,2017-06-19
97,"gruene",7.252,10.3744049072266,3.44291501439547,0.32192074549085,0.67807925450915,1,2017-06-19
97,"linke_pds",8.61,8.55743789672852,7.36413116108637,0.461003549227497,0.538996450772503,1,2017-06-19
97,"spd",12.594,24.429838180542,27.2930441102895,0.684258378104504,0.315741621895496,1,2017-06-19
98,"afd",4.41,6.78091192245483,25.840097774351,0.854215347239663,0.145784652760337,1,2017-06-18
98,"cdu_csu",30.23,36.7920455932617,27.1906980225042,0.473534787261689,0.526465212738311,1,2017-06-18
98,"fdp",4.012,6.66934633255005,13.7354163247314,0.773938925723561,0.226061074276439,1,2017-06-18
98,"gruene",6.854,10.3744049072266,3.44291501439547,0.334363739972812,0.665636260027188,1,2017-06-18
98,"linke_pds",8.35,8.55743789672852,7.36413116108637,0.468631137515417,0.531368862484582,1,2017-06-18
98,"spd",12.588,24.429838180542,27.2930441102895,0.684361323008786,0.315638676991214,1,2017-06-18
99,"afd",4.41,6.78091192245483,25.840097774351,0.854215347239663,0.145784652760337,1,2017-06-17
99,"cdu_csu",30.702,36.7920455932617,27.1906980225042,0.469674051327415,0.530325948672585,1,2017-06-17
99,"fdp",4.012,6.66934633255005,13.7354163247314,0.773938925723561,0.226061074276439,1,2017-06-17
99,"gruene",6.854,10.3744049072266,3.44291501439547,0.334363739972812,0.665636260027188,1,2017-06-17
99,"linke_pds",8.35,8.55743789672852,7.36413116108637,0.468631137515417,0.531368862484582,1,2017-06-17
99,"spd",12.588,24.429838180542,27.2930441102895,0.684361323008786,0.315638676991214,1,2017-06-17
100,"afd",4,6.78091192245483,25.840097774351,0.865952181851154,0.134047818148846,1,2017-06-16
100,"cdu_csu",32.124,36.7920455932617,27.1906980225042,0.458414169320864,0.541585830679135,1,2017-06-16
100,"fdp",4.154,6.66934633255005,13.7354163247314,0.76779566618631,0.23220433381369,1,2017-06-16
100,"gruene",6.144,10.3744049072266,3.44291501439547,0.359126476997624,0.640873523002376,1,2017-06-16
100,"linke_pds",7.8975,8.55743789672852,7.36413116108637,0.482525824622417,0.517474175377583,1,2017-06-16
100,"spd",12.924,24.429838180542,27.2930441102895,0.678643712239075,0.321356287760925,1,2017-06-16
101,"afd",4.41,6.78091192245483,25.840097774351,0.854215347239663,0.145784652760337,1,2017-06-15
101,"cdu_csu",31.102,36.7920455932617,27.1906980225042,0.466451184194753,0.533548815805247,1,2017-06-15
101,"fdp",4.208,6.66934633255005,13.7354163247314,0.765485015570858,0.234514984429142,1,2017-06-15
101,"gruene",6.218,10.3744049072266,3.44291501439547,0.356375665168908,0.643624334831092,1,2017-06-15
101,"linke_pds",7.4775,8.55743789672852,7.36413116108637,0.49618071498735,0.50381928501265,1,2017-06-15
101,"spd",11.916,24.429838180542,27.2930441102895,0.696090525275699,0.303909474724301,1,2017-06-15
102,"afd",3.61,6.78091192245483,25.840097774351,0.877419761806562,0.122580238193438,1,2017-06-14
102,"cdu_csu",33.61,36.7920455932617,27.1906980225042,0.447210293744327,0.552789706255673,1,2017-06-14
102,"fdp",4.28,6.66934633255005,13.7354163247314,0.762425695701272,0.237574304298727,1,2017-06-14
102,"gruene",5.916,10.3744049072266,3.44291501439547,0.367875443798745,0.632124556201255,1,2017-06-14
102,"linke_pds",8.2075,8.55743789672852,7.36413116108637,0.472919701533221,0.527080298466779,1,2017-06-14
102,"spd",12.276,24.429838180542,27.2930441102895,0.689757478957957,0.310242521042043,1,2017-06-14
103,"afd",3.24,6.78091192245483,25.840097774351,0.888583593317292,0.111416406682708,1,2017-06-13
103,"cdu_csu",35.214,36.7920455932617,27.1906980225042,0.435715561233847,0.564284438766153,1,2017-06-13
103,"fdp",4.856,6.66934633255005,13.7354163247314,0.738804192473477,0.261195807526523,1,2017-06-13
103,"gruene",6.16,10.3744049072266,3.44291501439547,0.358528114560453,0.641471885439547,1,2017-06-13
103,"linke_pds",7.845,8.55743789672852,7.36413116108637,0.484191442830608,0.515808557169392,1,2017-06-13
103,"spd",11.322,24.429838180542,27.2930441102895,0.706798211400123,0.293201788599877,1,2017-06-13
104,"afd",3.24,6.78091192245483,25.840097774351,0.888583593317292,0.111416406682708,1,2017-06-12
104,"cdu_csu",34.164,36.7920455932617,27.1906980225042,0.443172224766406,0.556827775233594,1,2017-06-12
104,"fdp",4.66,6.66934633255005,13.7354163247314,0.746676024193324,0.253323975806676,1,2017-06-12
104,"gruene",6.084,10.3744049072266,3.44291501439547,0.361388236296127,0.638611763703873,1,2017-06-12
104,"linke_pds",7.705,8.55743789672852,7.36413116108637,0.488689831043681,0.511310168956319,1,2017-06-12
104,"spd",11.564,24.429838180542,27.2930441102895,0.702396302529409,0.297603697470591,1,2017-06-12
105,"afd",3.24,6.78091192245483,25.840097774351,0.888583593317292,0.111416406682708,1,2017-06-11
105,"cdu_csu",33.774,36.7920455932617,27.1906980225042,0.446007261652755,0.553992738347245,1,2017-06-11
105,"fdp",4.27,6.66934633255005,13.7354163247314,0.762849138115461,0.237150861884539,1,2017-06-11
105,"gruene",6.162,10.3744049072266,3.44291501439547,0.358453459425239,0.641546540574761,1,2017-06-11
105,"linke_pds",7.8975,8.55743789672852,7.36413116108637,0.482525824622417,0.517474175377583,1,2017-06-11
105,"spd",11.246,24.429838180542,27.2930441102895,0.708192035904766,0.291807964095234,1,2017-06-11
106,"afd",3.24,6.78091192245483,25.840097774351,0.888583593317292,0.111416406682708,1,2017-06-10
106,"cdu_csu",33.792,36.7920455932617,27.1906980225042,0.445875615612647,0.554124384387353,1,2017-06-10
106,"fdp",4.38,6.66934633255005,13.7354163247314,0.758216983728916,0.241783016271084,1,2017-06-10
106,"gruene",6.162,10.3744049072266,3.44291501439547,0.358453459425239,0.641546540574761,1,2017-06-10
106,"linke_pds",7.7675,8.55743789672852,7.36413116108637,0.486671336532741,0.513328663467259,1,2017-06-10
106,"spd",11.502,24.429838180542,27.2930441102895,0.703518831753323,0.296481168246677,1,2017-06-10
107,"afd",3.24,6.78091192245483,25.840097774351,0.888583593317292,0.111416406682708,1,2017-06-09
107,"cdu_csu",33.342,36.7920455932617,27.1906980225042,0.449190254371208,0.550809745628792,1,2017-06-09
107,"fdp",4.644,6.66934633255005,13.7354163247314,0.747326034845241,0.252673965154759,1,2017-06-09
107,"gruene",6.408,10.3744049072266,3.44291501439547,0.349502052282882,0.650497947717118,1,2017-06-09
107,"linke_pds",8.125,8.55743789672852,7.36413116108637,0.475438621088536,0.524561378911464,1,2017-06-09
107,"spd",12.588,24.429838180542,27.2930441102895,0.684361323008786,0.315638676991214,1,2017-06-09
108,"afd",2.89,6.78091192245483,25.840097774351,0.899408626357685,0.100591373642315,1,2017-06-08
108,"cdu_csu",32.162,36.7920455932617,27.1906980225042,0.458120674012065,0.541879325987935,1,2017-06-08
108,"fdp",4.702,6.66934633255005,13.7354163247314,0.744975113801988,0.255024886198012,1,2017-06-08
108,"gruene",6.608,10.3744049072266,3.44291501439547,0.342547420753667,0.657452579246333,1,2017-06-08
108,"linke_pds",7.6175,8.55743789672852,7.36413116108637,0.491544016930155,0.508455983069845,1,2017-06-08
108,"spd",13.626,24.429838180542,27.2930441102895,0.667001018809879,0.332998981190121,1,2017-06-08
109,"afd",3.61,6.78091192245483,25.840097774351,0.877419761806562,0.122580238193438,1,2017-06-07
109,"cdu_csu",30.776,36.7920455932617,27.1906980225042,0.469074467756436,0.530925532243564,1,2017-06-07
109,"fdp",4.496,6.66934633255005,13.7354163247314,0.753392719472866,0.246607280527134,1,2017-06-07
109,"gruene",6.854,10.3744049072266,3.44291501439547,0.334363739972812,0.665636260027188,1,2017-06-07
109,"linke_pds",11.222,8.55743789672852,7.36413116108637,0.396216463623403,0.603783536376597,1,2017-06-07
109,"spd",13.562,24.429838180542,27.2930441102895,0.668045885267215,0.331954114732785,1,2017-06-07
110,"afd",3.61,6.78091192245483,25.840097774351,0.877419761806562,0.122580238193438,1,2017-06-06
110,"cdu_csu",29.616,36.7920455932617,27.1906980225042,0.478653028058989,0.521346971941012,1,2017-06-06
110,"fdp",4.496,6.66934633255005,13.7354163247314,0.753392719472866,0.246607280527134,1,2017-06-06
110,"gruene",7.172,10.3744049072266,3.44291501439547,0.324346922205816,0.675653077794184,1,2017-06-06
110,"linke_pds",11.208,8.55743789672852,7.36413116108637,0.396515138581199,0.603484861418801,1,2017-06-06
110,"spd",13.752,24.429838180542,27.2930441102895,0.664953460324031,0.335046539675969,1,2017-06-06
111,"afd",3.61,6.78091192245483,25.840097774351,0.877419761806562,0.122580238193438,1,2017-06-05
111,"cdu_csu",29.28,36.7920455932617,27.1906980225042,0.481501008039043,0.518498991960957,1,2017-06-05
111,"fdp",4.65,6.66934633255005,13.7354163247314,0.747082148270693,0.252917851729307,1,2017-06-05
111,"gruene",7.002,10.3744049072266,3.44291501439547,0.329625948095351,0.670374051904649,1,2017-06-05
111,"linke_pds",11.262,8.55743789672852,7.36413116108637,0.395365580613514,0.604634419386486,1,2017-06-05
111,"spd",13.764,24.429838180542,27.2930441102895,0.664759110202223,0.335240889797776,1,2017-06-05
112,"afd",3.61,6.78091192245483,25.840097774351,0.877419761806562,0.122580238193438,1,2017-06-04
112,"cdu_csu",29.114,36.7920455932617,27.1906980225042,0.482920590598611,0.517079409401389,1,2017-06-04
112,"fdp",4.662,6.66934633255005,13.7354163247314,0.746594852357995,0.253405147642005,1,2017-06-04
112,"gruene",6.704,10.3744049072266,3.44291501439547,0.339306578355194,0.660693421644806,1,2017-06-04
112,"linke_pds",11.262,8.55743789672852,7.36413116108637,0.395365580613514,0.604634419386486,1,2017-06-04
112,"spd",13.986,24.429838180542,27.2930441102895,0.661184014759834,0.338815985240166,1,2017-06-04
113,"afd",3.61,6.78091192245483,25.840097774351,0.877419761806562,0.122580238193438,1,2017-06-03
113,"cdu_csu",28.748,36.7920455932617,27.1906980225042,0.48608028044495,0.51391971955505,1,2017-06-03
113,"fdp",4.908,6.66934633255005,13.7354163247314,0.736743528411727,0.263256471588273,1,2017-06-03
113,"gruene",6.704,10.3744049072266,3.44291501439547,0.339306578355194,0.660693421644806,1,2017-06-03
113,"linke_pds",11.324,8.55743789672852,7.36413116108637,0.394053910346073,0.605946089653927,1,2017-06-03
113,"spd",14.086,24.429838180542,27.2930441102895,0.659586143110123,0.340413856889877,1,2017-06-03
114,"afd",3.24,6.78091192245483,25.840097774351,0.888583593317292,0.111416406682708,1,2017-06-02
114,"cdu_csu",27.866,36.7920455932617,27.1906980225042,0.493867213238798,0.506132786761202,1,2017-06-02
114,"fdp",4.998,6.66934633255005,13.7354163247314,0.733204028920141,0.266795971079859,1,2017-06-02
114,"gruene",6.588,10.3744049072266,3.44291501439547,0.343230404151018,0.656769595848982,1,2017-06-02
114,"linke_pds",11.146,8.55743789672852,7.36413116108637,0.397843272800135,0.602156727199864,1,2017-06-02
114,"spd",14.172,24.429838180542,27.2930441102895,0.658218137612369,0.341781862387631,1,2017-06-02
115,"afd",3.24,6.78091192245483,25.840097774351,0.888583593317292,0.111416406682708,1,2017-06-01
115,"cdu_csu",22.82,36.7920455932617,27.1906980225042,0.543697630660318,0.456302369339682,1,2017-06-01
115,"fdp",5.42,6.66934633255005,13.7354163247314,0.717051307676238,0.282948692323762,1,2017-06-01
115,"gruene",6.388,10.3744049072266,3.44291501439547,0.350213078777916,0.649786921222085,1,2017-06-01
115,"linke_pds",11.15,8.55743789672852,7.36413116108637,0.3977573182891,0.6022426817109,1,2017-06-01
115,"spd",14.846,24.429838180542,27.2930441102895,0.647690157348042,0.352309842651958,1,2017-06-01
116,"afd",3.24,6.78091192245483,25.840097774351,0.888583593317292,0.111416406682708,1,2017-05-31
116,"cdu_csu",22.728,36.7920455932617,27.1906980225042,0.544699663645998,0.455300336354002,1,2017-05-31
116,"fdp",5.22,6.66934633255005,13.7354163247314,0.724616969072349,0.275383030927651,1,2017-05-31
116,"gruene",6.618,10.3744049072266,3.44291501439547,0.34220694732728,0.65779305267272,1,2017-05-31
116,"linke_pds",11.15,8.55743789672852,7.36413116108637,0.3977573182891,0.6022426817109,1,2017-05-31
116,"spd",15.602,24.429838180542,27.2930441102895,0.63627499811202,0.36372500188798,1,2017-05-31
117,"afd",4,6.78091192245483,25.840097774351,0.865952181851154,0.134047818148846,1,2017-05-30
117,"cdu_csu",22.358,36.7920455932617,27.1906980225042,0.548767154490207,0.451232845509793,1,2017-05-30
117,"fdp",5.648,6.66934633255005,13.7354163247314,0.708616896764804,0.291383103235196,1,2017-05-30
117,"gruene",6.54,10.3744049072266,3.44291501439547,0.344880729669716,0.655119270330284,1,2017-05-30
117,"linke_pds",11.838,8.55743789672852,7.36413116108637,0.383505929592335,0.616494070407665,1,2017-05-30
117,"spd",16.188,24.429838180542,27.2930441102895,0.627699832622712,0.372300167377288,1,2017-05-30
118,"afd",3.61,6.78091192245483,25.840097774351,0.877419761806562,0.122580238193438,1,2017-05-29
118,"cdu_csu",21.822,36.7920455932617,27.1906980225042,0.554768440007518,0.445231559992482,1,2017-05-29
118,"fdp",5.632,6.66934633255005,13.7354163247314,0.709202306308242,0.290797693691758,1,2017-05-29
118,"gruene",6.566,10.3744049072266,3.44291501439547,0.343984838460877,0.656015161539123,1,2017-05-29
118,"linke_pds",12.356,8.55743789672852,7.36413116108637,0.373432159296079,0.626567840703921,1,2017-05-29
118,"spd",16.348,24.429838180542,27.2930441102895,0.625398513411242,0.374601486588758,1,2017-05-29
119,"afd",3.61,6.78091192245483,25.840097774351,0.877419761806562,0.122580238193438,1,2017-05-28
119,"cdu_csu",20.966,36.7920455932617,27.1906980225042,0.564629618288979,0.435370381711021,1,2017-05-28
119,"fdp",5.732,6.66934633255005,13.7354163247314,0.705559284068011,0.294440715931989,1,2017-05-28
119,"gruene",6.636,10.3744049072266,3.44291501439547,0.341595797710174,0.658404202289826,1,2017-05-28
119,"linke_pds",12.036,8.55743789672852,7.36413116108637,0.379591823371672,0.620408176628328,1,2017-05-28
119,"spd",17.024,24.429838180542,27.2930441102895,0.615858856524066,0.384141143475934,1,2017-05-28
120,"afd",3.61,6.78091192245483,25.840097774351,0.877419761806562,0.122580238193438,1,2017-05-27
120,"cdu_csu",20.108,36.7920455932617,27.1906980225042,0.574872018878134,0.425127981121866,1,2017-05-27
120,"fdp",5.674,6.66934633255005,13.7354163247314,0.707667664752483,0.292332335247517,1,2017-05-27
120,"gruene",6.524,10.3744049072266,3.44291501439547,0.345434370557267,0.654565629442733,1,2017-05-27
120,"linke_pds",12.038,8.55743789672852,7.36413116108637,0.379552694492456,0.620447305507544,1,2017-05-27
120,"spd",17.024,24.429838180542,27.2930441102895,0.615858856524066,0.384141143475934,1,2017-05-27
121,"afd",3.61,6.78091192245483,25.840097774351,0.877419761806562,0.122580238193438,1,2017-05-26
121,"cdu_csu",20.084,36.7920455932617,27.1906980225042,0.575163864813279,0.424836135186721,1,2017-05-26
121,"fdp",5.186,6.66934633255005,13.7354163247314,0.725919037401994,0.274080962598006,1,2017-05-26
121,"gruene",6.36,10.3744049072266,3.44291501439547,0.351213390031393,0.648786609968607,1,2017-05-26
121,"linke_pds",11.798,8.55743789672852,7.36413116108637,0.384306479231346,0.615693520768654,1,2017-05-26
121,"spd",17.162,24.429838180542,27.2930441102895,0.613947070721099,0.386052929278901,1,2017-05-26
122,"afd",3.61,6.78091192245483,25.840097774351,0.877419761806562,0.122580238193438,1,2017-05-25
122,"cdu_csu",20.052,36.7920455932617,27.1906980225042,0.575553453986727,0.424446546013273,1,2017-05-25
122,"fdp",4.13,6.66934633255005,13.7354163247314,0.768827105681116,0.231172894318884,1,2017-05-25
122,"gruene",6.236,10.3744049072266,3.44291501439547,0.355712908861667,0.644287091138333,1,2017-05-25
122,"linke_pds",11.158,8.55743789672852,7.36413116108637,0.397585520642348,0.602414479357652,1,2017-05-25
122,"spd",16.992,24.429838180542,27.2930441102895,0.616303870948342,0.383696129051658,1,2017-05-25
123,"afd",3.61,6.78091192245483,25.840097774351,0.877419761806562,0.122580238193438,1,2017-05-24
123,"cdu_csu",20.054,36.7920455932617,27.1906980225042,0.575529089201763,0.424470910798237,1,2017-05-24
123,"fdp",4.34,6.66934633255005,13.7354163247314,0.759894880315323,0.240105119684677,1,2017-05-24
123,"gruene",6.376,10.3744049072266,3.44291501439547,0.350641085022921,0.64935891497708,1,2017-05-24
123,"linke_pds",11.138,8.55743789672852,7.36413116108637,0.398015293317918,0.601984706682082,1,2017-05-24
123,"spd",17.248,24.429838180542,27.2930441102895,0.612761659621367,0.387238340378634,1,2017-05-24
124,"afd",3.24,6.78091192245483,25.840097774351,0.888583593317292,0.111416406682708,1,2017-05-23
124,"cdu_csu",19.44,36.7920455932617,27.1906980225042,0.583107248563636,0.416892751436364,1,2017-05-23
124,"fdp",4.214,6.66934633255005,13.7354163247314,0.76522913482185,0.23477086517815,1,2017-05-23
124,"gruene",6.8,10.3744049072266,3.44291501439547,0.336126484458455,0.663873515541545,1,2017-05-23
124,"linke_pds",10.732,8.55743789672852,7.36413116108637,0.406945058893145,0.593054941106855,1,2017-05-23
124,"spd",17.712,24.429838180542,27.2930441102895,0.606444114206511,0.393555885793489,1,2017-05-23
125,"afd",3.24,6.78091192245483,25.840097774351,0.888583593317292,0.111416406682708,1,2017-05-22
125,"cdu_csu",20.27,36.7920455932617,27.1906980225042,0.572909779152665,0.427090220847335,1,2017-05-22
125,"fdp",4.406,6.66934633255005,13.7354163247314,0.757130318761634,0.242869681238366,1,2017-05-22
125,"gruene",6.75,10.3744049072266,3.44291501439547,0.337775308587685,0.662224691412316,1,2017-05-22
125,"linke_pds",10.654,8.55743789672852,7.36413116108637,0.408706712990892,0.591293287009108,1,2017-05-22
125,"spd",18.206,24.429838180542,27.2930441102895,0.599859725495139,0.400140274504861,1,2017-05-22
126,"afd",3.24,6.78091192245483,25.840097774351,0.888583593317292,0.111416406682708,1,2017-05-21
126,"cdu_csu",20.3,36.7920455932617,27.1906980225042,0.572547870524444,0.427452129475556,1,2017-05-21
126,"fdp",4.462,6.66934633255005,13.7354163247314,0.754800356249702,0.245199643750298,1,2017-05-21
126,"gruene",6.974,10.3744049072266,3.44291501439547,0.330511961520047,0.669488038479953,1,2017-05-21
126,"linke_pds",10.616,8.55743789672852,7.36413116108637,0.409570491733912,0.590429508266088,1,2017-05-21
126,"spd",18.068,24.429838180542,27.2930441102895,0.601684653552727,0.398315346447273,1,2017-05-21
127,"afd",3.24,6.78091192245483,25.840097774351,0.888583593317292,0.111416406682708,1,2017-05-20
127,"cdu_csu",20.01,36.7920455932617,27.1906980225042,0.57606559143554,0.42393440856446,1,2017-05-20
127,"fdp",4.096,6.66934633255005,13.7354163247314,0.770293064476374,0.229706935523626,1,2017-05-20
127,"gruene",6.974,10.3744049072266,3.44291501439547,0.330511961520047,0.669488038479953,1,2017-05-20
127,"linke_pds",10.702,8.55743789672852,7.36413116108637,0.407620817950684,0.592379182049316,1,2017-05-20
127,"spd",18.068,24.429838180542,27.2930441102895,0.601684653552727,0.398315346447273,1,2017-05-20
128,"afd",3.24,6.78091192245483,25.840097774351,0.888583593317292,0.111416406682708,1,2017-05-19
128,"cdu_csu",21.756,36.7920455932617,27.1906980225042,0.555516492859288,0.444483507140712,1,2017-05-19
128,"fdp",4.24,6.66934633255005,13.7354163247314,0.764122292168198,0.235877707831802,1,2017-05-19
128,"gruene",6.904,10.3744049072266,3.44291501439547,0.332747974599715,0.667252025400285,1,2017-05-19
128,"linke_pds",10.792,8.55743789672852,7.36413116108637,0.405600240257669,0.594399759742332,1,2017-05-19
128,"spd",18.586,24.429838180542,27.2930441102895,0.594891298185708,0.405108701814292,1,2017-05-19
129,"afd",3.61,6.78091192245483,25.840097774351,0.877419761806562,0.122580238193438,1,2017-05-18
129,"cdu_csu",21.462,36.7920455932617,27.1906980225042,0.558873384779755,0.441126615220245,1,2017-05-18
129,"fdp",4.572,6.66934633255005,13.7354163247314,0.750265142885088,0.249734857114912,1,2017-05-18
129,"gruene",7.832,10.3744049072266,3.44291501439547,0.305360617796202,0.694639382203798,1,2017-05-18
129,"linke_pds",8.2525,8.55743789672852,7.36413116108637,0.47155696290224,0.52844303709776,1,2017-05-18
129,"spd",19.346,24.429838180542,27.2930441102895,0.585197330497348,0.414802669502652,1,2017-05-18
130,"afd",3.61,6.78091192245483,25.840097774351,0.877419761806562,0.122580238193438,1,2017-05-17
130,"cdu_csu",21.954,36.7920455932617,27.1906980225042,0.553278361992439,0.446721638007561,1,2017-05-17
130,"fdp",4.38,6.66934633255005,13.7354163247314,0.758216983728916,0.241783016271084,1,2017-05-17
130,"gruene",8.348,10.3744049072266,3.44291501439547,0.291997271644485,0.708002728355515,1,2017-05-17
130,"linke_pds",8.2525,8.55743789672852,7.36413116108637,0.47155696290224,0.52844303709776,1,2017-05-17
130,"spd",19.492,24.429838180542,27.2930441102895,0.583371131294646,0.416628868705354,1,2017-05-17
131,"afd",4.41,6.78091192245483,25.840097774351,0.854215347239663,0.145784652760337,1,2017-05-16
131,"cdu_csu",23.32,36.7920455932617,27.1906980225042,0.5383156259371,0.4616843740629,1,2017-05-16
131,"fdp",3.65,6.66934633255005,13.7354163247314,0.790053920376486,0.209946079623514,1,2017-05-16
131,"gruene",8.718,10.3744049072266,3.44291501439547,0.283113154751919,0.716886845248081,1,2017-05-16
131,"linke_pds",7.7125,8.55743789672852,7.36413116108637,0.488446728078989,0.511553271921011,1,2017-05-16
131,"spd",19.58,24.429838180542,27.2930441102895,0.582275903525074,0.417724096474926,1,2017-05-16
132,"afd",4,6.78091192245483,25.840097774351,0.865952181851154,0.134047818148846,1,2017-05-15
132,"cdu_csu",23.226,36.7920455932617,27.1906980225042,0.539319294777442,0.460680705222559,1,2017-05-15
132,"fdp",3.758,6.66934633255005,13.7354163247314,0.785176324038712,0.214823675961288,1,2017-05-15
132,"gruene",9.132,10.3744049072266,3.44291501439547,0.2737923087714,0.7262076912286,1,2017-05-15
132,"linke_pds",7.595,8.55743789672852,7.36413116108637,0.49228334732721,0.50771665267279,1,2017-05-15
132,"spd",19.338,24.429838180542,27.2930441102895,0.585297726676188,0.414702273323812,1,2017-05-15
